{
    "dataMean": [
        0.5130856598452875,
        0.48694988967664765,
        0.503294792046348,
        0.5090170920401393,
        0.4975201575514505,
        0.482502974749835,
        0.506371348169249,
        0.49430541141638334,
        0.49600043328729226,
        0.5081378701385477,
        0.49121780463438963,
        0.48957756267613206,
        0.5090892292529632
    ],
    "dataStd": [
        0.29618977939617785,
        0.2898489778763166,
        0.2931061226273141,
        0.29059389563811766,
        0.2901096378102795,
        0.28394055840472965,
        0.2823181983762311,
        0.2907998859842799,
        0.2911668409642597,
        0.29792001587920985,
        0.2874545059803516,
        0.2880049207153873,
        0.2949550282819607
    ]
}